"3c4048","UNKNOWN","Germany","2025-02-06 04:46:13.000","2025-02-06 04:46:13.000",13.5338,52.3805,\\N,true,12.86,112.5
"a46e70","LXJ385  ","United States","2025-02-06 04:47:17.000","2025-02-06 04:47:18.000",-103.6439,34.4761,13716,false,251.11,93.88
"ad4f1c","ERU957  ","United States","2025-02-06 04:47:17.000","2025-02-06 04:47:17.000",-81.6146,28.681,998.22,false,61.77,12.99
"801638","AXB2971 ","India","2025-02-06 04:47:18.000","2025-02-06 04:47:18.000",85.5083,21.0435,11277.6,false,271.25,39.3
"7c6b2d","JST516  ","Australia","2025-02-06 04:46:57.000","2025-02-06 04:46:57.000",151.1768,-33.9415,\\N,true,11.83,345.94
"ade18c","AAL1104 ","United States","2025-02-06 04:47:13.000","2025-02-06 04:47:13.000",-115.6301,43.2416,5273.04,false,131.43,312.62
"abd9d9","SWA3873 ","United States","2025-02-06 04:47:17.000","2025-02-06 04:47:18.000",-122.3698,39.9887,11902.44,false,249.02,356.21
"801645","AIC430  ","India","2025-02-06 04:47:18.000","2025-02-06 04:47:18.000",79.4728,14.8463,9761.22,false,232.81,338.48
"800313","TRDNT27 ","India","2025-02-06 04:47:16.000","2025-02-06 04:47:16.000",81.9118,14.4529,8229.6,false,200.53,35.08
"8a02ff","CTV487  ","Indonesia","2025-02-06 04:46:40.000","2025-02-06 04:46:40.000",113.6627,-6.648,6400.8,false,225.36,218.88
"3c4048","UNKNOWN","Germany","2025-02-06 04:46:13.000","2025-02-06 04:46:13.000",13.5338,52.3805,\\N,true,12.86,112.5
"a46e70","LXJ385  ","United States","2025-02-06 04:48:09.000","2025-02-06 04:48:09.000",-103.5041,34.468,13716,false,251.18,94.11
"ad4f1c","ERU957  ","United States","2025-02-06 04:48:08.000","2025-02-06 04:48:08.000",-81.6072,28.7087,998.22,false,61.27,13.1
"801638","AXB2971 ","India","2025-02-06 04:48:07.000","2025-02-06 04:48:07.000",85.5891,21.1366,11277.6,false,272.14,37.09
"7c6b2d","JST516  ","Australia","2025-02-06 04:48:09.000","2025-02-06 04:48:09.000",151.1752,-33.9347,\\N,true,5.14,47.81
"ade18c","AAL1104 ","United States","2025-02-06 04:48:08.000","2025-02-06 04:48:08.000",-115.6987,43.2815,4808.22,false,125.41,297.62
"abd9d9","SWA3873 ","United States","2025-02-06 04:48:08.000","2025-02-06 04:48:08.000",-122.3795,40.1012,11658.6,false,246.97,356.18
"801645","AIC430  ","India","2025-02-06 04:48:09.000","2025-02-06 04:48:09.000",79.4322,14.9465,9806.94,false,235.91,339.31
"800313","TRDNT27 ","India","2025-02-06 04:48:08.000","2025-02-06 04:48:08.000",81.9665,14.5298,8229.6,false,200.53,35.08
"8a02ff","CTV487  ","Indonesia","2025-02-06 04:46:40.000","2025-02-06 04:46:40.000",113.6627,-6.648,6400.8,false,225.36,218.88
"80162d","AXB2937 ","India","2025-02-06 05:08:25.000","2025-02-06 05:08:26.000",84.5117,23.5101,10363.2,false,197.86,217.29
"80162d","AXB2937 ","India","2025-02-06 05:08:36.000","2025-02-06 05:08:36.000",84.4992,23.495,10363.2,false,197.86,217.29
"a46e70","LXJ385  ","United States","2025-02-06 05:08:37.000","2025-02-06 05:08:37.000",-100.1729,34.1908,13716,false,252.95,103.05
"ad4f1c","ERU957  ","United States","2025-02-06 05:08:35.000","2025-02-06 05:08:36.000",-81.2502,29.2758,693.42,false,54.79,34.29
"801638","AXB2971 ","India","2025-02-06 05:08:37.000","2025-02-06 05:08:37.000",86.8102,23.9398,11277.6,false,276.75,21.94
"ac494e","CMD12   ","United States","2025-02-06 05:08:37.000","2025-02-06 05:08:37.000",-121.1436,38.0108,487.68,false,45.99,306.36
"88044a","AIQ3140 ","Thailand","2025-02-06 05:08:36.000","2025-02-06 05:08:36.000",100.6086,13.9229,\\N,true,2.83,28.12
"88044f","AIQ3217 ","Thailand","2025-02-06 05:08:36.000","2025-02-06 05:08:36.000",10.6167,13.9273,\\N,true,5.14,126.56
"801642","AXB1591 ","India","2025-02-06 05:08:28.000","2025-02-06 05:08:32.000",88.4412,22.6438,\\N,true,0.9,264.38
"abd9d9","SWA3873 ","United States","2025-02-06 05:08:36.000","2025-02-06 05:08:36.000",-122.6277,42.8398,11582.4,false,251.11,356.12
"880459","AIQ3238 ","Thailand","2025-02-06 05:08:37.000","2025-02-06 05:08:37.000",100.0996,11.5928,11285.22,false,231.82,9.07
"880454","AIQ5420 ","Thailand","2025-02-06 05:08:28.000","2025-02-06 05:08:36.000",99.501,10.8355,9883.14,false,241.57,190.3
"880453","AIQ3106 ","Thailand","2025-02-06 05:08:37.000","2025-02-06 05:08:37.000",100.6771,13.026,6614.16,false,205.86,181.58
"80162f","AIC2970 ","India","2025-02-06 05:06:30.000","2025-02-06 05:06:30.000",77.1023,28.5393,220.98,false,67.25,283.72
"880456","AIQ3230 ","Thailand","2025-02-06 05:08:34.000","2025-02-06 05:08:34.000",99.7286,10.4485,10614.66,false,236.42,12.31
"4b1805","SWR339  ","Switzerland","2025-02-06 05:08:28.000","2025-02-06 05:08:33.000",8.5599,47.4516,243.84,true,\\N,185.62
"4b1806","SWR341Z ","Switzerland","2025-02-06 05:08:34.000","2025-02-06 05:08:34.000",8.5602,47.4462,\\N,true,\\N,244.69
"aa56d4","UAL1769 ","United States","2025-02-06 05:08:36.000","2025-02-06 05:08:37.000",-120.7837,35.7787,10363.2,false,167.19,284.25
"801649","IGO927  ","India","2025-02-06 05:08:37.000","2025-02-06 05:08:37.000",81.8982,15.3345,10523.22,false,219.26,222.15
"c822bb","SDA756  ","New Zealand","2025-02-06 05:05:18.000","2025-02-06 05:05:24.000",172.5413,-43.4921,\\N,true,0.06,101.25
"a7b07c","FDX1223 ","United States","2025-02-06 05:08:37.000","2025-02-06 05:08:37.000",-96.5222,37.7194,11262.36,false,302.6,126.64
"a53eef","UPS591  ","United States","2025-02-06 05:08:36.000","2025-02-06 05:08:36.000",-85.7611,38.2242,426.72,false,56.9,165.34
"7c6b1b","JST781  ","Australia","2025-02-06 05:08:37.000","2025-02-06 05:08:37.000",144.0746,-36.8275,6614.16,false,180.74,111.89
"880443","AIQ636  ","Thailand","2025-02-06 05:05:35.000","2025-02-06 05:05:37.000",104.1027,15.0151,10668,false,225.42,74.38
"7c6b39","JST841  ","Australia","2025-02-06 05:08:37.000","2025-02-06 05:08:37.000",150.3569,-30.5023,11285.22,false,237.83,165.21
"880441","AIQ358  ","Thailand","2025-02-06 05:08:36.000","2025-02-06 05:08:37.000",100.4548,13.6525,5151.12,false,190.35,326.91
"7c6b36","JST262  ","Australia","2025-02-06 05:08:36.000","2025-02-06 05:08:36.000",174.8131,-40.6168,7559.04,false,223.27,\\N
"7c6b35","JST631  ","Australia","2025-02-06 05:08:37.000","2025-02-06 05:08:37.000",144.4799,-37.9652,419.1,false,74.21,187.57
"880444","AIQ155  ","Thailand","2025-02-06 05:04:14.000","2025-02-06 05:07:26.000",99.8933,16.8484,11361.42,false,221.59,166.03
"7c6b19","JST411  ","Australia","2025-02-06 05:08:37.000","2025-02-06 05:08:37.000",152.3767,-29.3858,9204.96,false,225.66,220.01
"7c6b0f","        ","Australia","2025-02-06 05:08:08.000","2025-02-06 05:08:08.000",138.5364,-34.9423,\\N,true,4.89,326.25
"0d0c12","XAVDQ   ","Mexico","2025-02-06 05:08:37.000","2025-02-06 05:08:37.000",-99.1832,27.847,6385.56,false,91.59,14.97
"abacb6","SCX348  ","United States","2025-02-06 05:08:36.000","2025-02-06 05:08:36.000",-92.1349,44.827,7597.14,false,201.56,306.49
"c01aa6","CJT626  ","Canada","2025-02-06 05:06:47.000","2025-02-06 05:06:50.000",-74.0441,45.6775,\\N,true,\\N,278.44
"80162d","AXB2937 ","India","2025-02-06 05:09:56.000","2025-02-06 05:09:56.000",84.4056,23.3815,10363.2,false,197.86,217.29
"a46e70","LXJ385  ","United States","2025-02-06 05:09:56.000","2025-02-06 05:09:57.000",-99.9601,34.1515,13716,false,252.66,102.23
"ad4f1c","ERU957  ","United States","2025-02-06 05:09:56.000","2025-02-06 05:09:56.000",-81.2232,29.3073,693.42,false,54.32,61.74
"801638","AXB2971 ","India","2025-02-06 05:09:57.000","2025-02-06 05:09:57.000",86.8923,24.1268,11094.72,false,280.19,22
"ac494e","CMD12   ","United States","2025-02-06 05:09:57.000","2025-02-06 05:09:57.000",-121.1798,38.0284,487.68,false,49.94,267.64
"88044a","AIQ3140 ","Thailand","2025-02-06 05:09:57.000","2025-02-06 05:09:57.000",100.6089,13.9234,\\N,true,1.29,28.12
"88044f","AIQ3217 ","Thailand","2025-02-06 05:09:56.000","2025-02-06 05:09:56.000",10.6156,13.9246,\\N,true,32.92,208.12
"7c6b2b","JST290  ","Australia","2025-02-06 05:09:54.000","2025-02-06 05:09:57.000",172.5374,-43.4872,\\N,true,\\N,39.38
"801642","AXB1591 ","India","2025-02-06 05:09:29.000","2025-02-06 05:09:42.000",88.4416,22.644,\\N,true,0.77,185.62
"abd9d9","SWA3873 ","United States","2025-02-06 05:09:55.000","2025-02-06 05:09:56.000",-122.6435,43.0177,11582.4,false,248.51,356.2
"880459","AIQ3238 ","Thailand","2025-02-06 05:09:57.000","2025-02-06 05:09:57.000",100.1265,11.7579,11277.6,false,232.33,9.05
"880454","AIQ5420 ","Thailand","2025-02-06 05:09:56.000","2025-02-06 05:09:56.000",99.466,10.646,9052.56,false,241.57,190.3
"880453","AIQ3106 ","Thailand","2025-02-06 05:09:57.000","2025-02-06 05:09:57.000",100.6732,12.8761,7117.08,false,208.93,181.41
"80162f","AIC2970 ","India","2025-02-06 05:06:30.000","2025-02-06 05:06:30.000",77.1023,28.5393,220.98,false,67.25,283.72
"880456","AIQ3230 ","Thailand","2025-02-06 05:09:56.000","2025-02-06 05:09:56.000",99.7666,10.6196,11109.96,false,232.29,12.4
"4b1805","SWR339  ","Switzerland","2025-02-06 05:09:53.000","2025-02-06 05:09:57.000",8.5599,47.4516,243.84,true,\\N,185.62
"4b1806","SWR341Z ","Switzerland","2025-02-06 05:09:54.000","2025-02-06 05:09:54.000",8.5602,47.4462,\\N,true,\\N,244.69
"aa56d4","UAL1769 ","United States","2025-02-06 05:09:57.000","2025-02-06 05:09:57.000",-120.9274,35.8085,10363.2,false,167.32,284.42
"801649","IGO927  ","India","2025-02-06 05:09:39.000","2025-02-06 05:09:45.000",81.8117,15.2419,10203.18,false,223.27,222.1
"c822bb","SDA756  ","New Zealand","2025-02-06 05:05:18.000","2025-02-06 05:05:24.000",172.5413,-43.4921,\\N,true,0.06,101.25
"a7b07c","FDX1223 ","United States","2025-02-06 05:09:57.000","2025-02-06 05:09:57.000",-96.3014,37.5882,11277.6,false,304.65,126.83
"a53eef","UPS591  ","United States","2025-02-06 05:09:33.000","2025-02-06 05:09:33.000",-85.7513,38.1947,236.22,false,60.51,165.73
"7c6b1b","JST781  ","Australia","2025-02-06 05:09:56.000","2025-02-06 05:09:57.000",144.2191,-36.8738,5951.22,false,173.2,111.61
"880443","AIQ636  ","Thailand","2025-02-06 05:05:35.000","2025-02-06 05:05:37.000",104.1027,15.0151,10668,false,225.42,74.38
"7c6b39","JST841  ","Australia","2025-02-06 05:09:57.000","2025-02-06 05:09:57.000",150.407,-30.6673,11277.6,false,236.71,165.27
"880441","AIQ358  ","Thailand","2025-02-06 05:09:57.000","2025-02-06 05:09:57.000",100.3809,13.763,4526.28,false,181.79,326.89
"7c6b36","JST262  ","Australia","2025-02-06 05:09:53.000","2025-02-06 05:09:57.000",174.8128,-40.4602,8206.74,false,226.87,359.74
"7c6b35","JST631  ","Australia","2025-02-06 05:09:56.000","2025-02-06 05:09:57.000",144.4711,-38.0174,129.54,false,73.7,187.62
"880444","AIQ155  ","Thailand","2025-02-06 05:04:14.000","2025-02-06 05:07:26.000",99.8933,16.8484,11361.42,false,221.59,166.03
"7c6b19","JST411  ","Australia","2025-02-06 05:09:57.000","2025-02-06 05:09:57.000",152.2788,-29.5268,9547.86,false,231.9,202.98
"7c6b0f","        ","Australia","2025-02-06 05:08:08.000","2025-02-06 05:08:08.000",138.5364,-34.9423,\\N,true,4.89,326.25
"0d0c12","XAVDQ   ","Mexico","2025-02-06 05:09:57.000","2025-02-06 05:09:57.000",-99.1638,27.9111,6789.42,false,91.73,15.28
"abacb6","SCX348  ","United States","2025-02-06 05:09:56.000","2025-02-06 05:09:56.000",-92.3173,44.8609,6652.26,false,184.39,275.12
"c01aa6","CJT626  ","Canada","2025-02-06 05:06:47.000","2025-02-06 05:06:50.000",-74.0441,45.6775,\\N,true,\\N,278.44
"7c6b28","JST464  ","Australia","2025-02-06 05:09:57.000","2025-02-06 05:09:57.000",145.1444,-37.3838,3535.68,false,186.26,44.33
"aa56b6","UAL2120 ","United States","2025-02-06 05:09:56.000","2025-02-06 05:09:56.000",-120.6766,43.9663,10972.8,false,197.49,275.68
"aa56b5","UAL650  ","United States","2025-02-06 05:09:53.000","2025-02-06 05:09:53.000",-118.7147,39.9184,10668,false,287.67,62.06
"a46e40","DAL2145 ","United States","2025-02-06 05:09:57.000","2025-02-06 05:09:57.000",-117.2665,32.6569,891.54,false,108.46,280.94
"a1fb33","MXY607  ","United States","2025-02-06 05:09:47.000","2025-02-06 05:09:56.000",-111.7136,40.214,\\N,true,\\N,56.25
"c08412","CJT991  ","Canada","2025-02-06 05:09:57.000","2025-02-06 05:09:57.000",-94.9836,32.2908,11277.6,false,240.1,31.95
"80161c","AXB1012 ","India","2025-02-06 05:07:27.000","2025-02-06 05:07:27.000",80.0077,27.2061,10668,false,279.24,104.29
"4952c5","TAP1484 ","Portugal","2025-02-06 05:09:56.000","2025-02-06 05:09:56.000",-9.476,35.2442,11582.4,false,213.38,6.65
"a33b23","UPS1481 ","United States","2025-02-06 05:09:57.000","2025-02-06 05:09:57.000",-84.6716,40.2688,9753.6,false,225.73,80.69
"a1025a","UPS959  ","United States","2025-02-06 05:09:56.000","2025-02-06 05:09:57.000",-98.6369,40.0272,10058.4,false,306.15,88.94
"a0e249","UPS499  ","United States","2025-02-06 05:09:57.000","2025-02-06 05:09:57.000",-88.8483,39.1925,10668,false,268.14,147.38
"0d0c1c","VTM122  ","Mexico","2025-02-06 05:09:57.000","2025-02-06 05:09:57.000",-92.792,30.7467,10683.24,false,234.26,62.25
"4952ab","UNKNOWN","Portugal","2025-02-06 05:09:56.000","2025-02-06 05:09:56.000",-37.4518,-6.0829,11887.2,false,236.39,24.84
"a2355d","SKW4098 ","United States","2025-02-06 05:09:57.000","2025-02-06 05:09:57.000",-108.6465,34.5962,10668,false,280.79,77.08
"8a02d9","J947KT  ","Indonesia","2025-02-06 05:08:45.000","2025-02-06 05:09:41.000",110.6489,-7.7537,2430.78,false,118.54,86.52
"7c6b13","JST298  ","Australia","2025-02-06 05:09:57.000","2025-02-06 05:09:57.000",174.5468,-39.2535,11277.6,false,234.05,8.47
"ac498c","FDX60   ","United States","2025-02-06 05:09:43.000","2025-02-06 05:09:44.000",-170.5877,57.9947,11887.2,false,263.4,67.49
"4952b3","TAP074  ","Portugal","2025-02-06 05:09:54.000","2025-02-06 05:09:54.000",-9.1311,38.7745,\\N,true,\\N,78.75
"c822ec","ANZ776M ","New Zealand","2025-02-06 05:09:56.000","2025-02-06 05:09:56.000",174.4126,-41.3715,5791.2,false,145.15,35.04
"801689","AXB1186 ","India","2025-02-06 05:09:56.000","2025-02-06 05:09:57.000",87.0406,26.2052,10668,false,272.66,97.04
"ad3c1f","ASA97   ","United States","2025-02-06 05:04:47.000","2025-02-06 05:04:47.000",-126.1366,51.059,10972.8,false,228.74,327.02
"7c725f","WVL     ","Australia","2025-02-06 05:09:51.000","2025-02-06 05:09:51.000",143.7008,-38.2973,396.24,false,53.68,12.17
"80167d","AXB2511 ","India","2025-02-06 05:09:56.000","2025-02-06 05:09:57.000",77.3438,28.0746,5897.88,false,205.27,117.79
"80167b","AIC2764 ","India","2025-02-06 05:09:55.000","2025-02-06 05:09:56.000",80.3733,26.8001,11285.22,false,264.25,120.41
"4952a4","TAP104  ","Portugal","2025-02-06 05:05:44.000","2025-02-06 05:05:44.000",-14.8202,31.8358,12192,false,236.29,33.27
"abb3be","DAL14   ","United States","2025-02-06 05:09:54.000","2025-02-06 05:09:55.000",-13.484,54.7062,11582.4,false,248.44,109.22
"4952a5","TAP058  ","Portugal","2025-02-06 05:09:34.000","2025-02-06 05:09:37.000",-12.5487,36.2705,12496.8,false,239.99,47.69
"7c6b73","VID     ","Australia","2025-02-06 05:09:56.000","2025-02-06 05:09:56.000",150.2329,-34.2198,1645.92,false,80.06,67.72
"841a6c","ADO128  ","Japan","2025-02-06 05:09:57.000","2025-02-06 05:09:57.000",140.0203,40.7699,9784.08,false,220.36,196.83
"ac234f","UAL1152 ","United States","2025-02-06 05:09:53.000","2025-02-06 05:09:53.000",-97.0259,32.924,243.84,false,63.8,180.92
"80164f","AIC769  ","India","2025-02-06 05:06:52.000","2025-02-06 05:06:54.000",84.6085,24.9746,11582.4,false,200.07,298.74
"acdffc","DAL656  ","United States","2025-02-06 05:09:38.000","2025-02-06 05:09:38.000",-103.9888,36.3339,10355.58,false,196.17,286.3
"47b217","NBT62X  ","Norway","2025-02-06 05:09:50.000","2025-02-06 05:09:50.000",-79.2909,26.4368,6156.96,false,230.33,46.36
"471efb","WMT763  ","Hungary","2025-02-06 05:09:56.000","2025-02-06 05:09:56.000",19.5697,41.5375,3985.26,false,168.07,346.01
"a3a538","FFT3423 ","United States","2025-02-06 05:09:56.000","2025-02-06 05:09:57.000",-89.0928,35.7481,10363.2,false,207.88,248.51
"471efe","WMT1339 ","Hungary","2025-02-06 05:07:45.000","2025-02-06 05:07:48.000",17.2641,42.6963,10363.2,false,218.93,258.48
"ad90a3","AAL1500 ","United States","2025-02-06 05:09:56.000","2025-02-06 05:09:56.000",-88.4169,35.5293,8321.04,false,242.74,68.49
"7c6b4d","SND4    ","Australia","2025-02-06 05:09:57.000","2025-02-06 05:09:57.000",150.7639,-35.1689,2621.28,false,84.96,182.43
"801665","AIC161  ","India","2025-02-06 05:09:56.000","2025-02-06 05:09:56.000",12.0397,48.9442,11582.4,false,221.82,295.55
"7c6b3b","JST610  ","Australia","2025-02-06 05:09:56.000","2025-02-06 05:09:56.000",151.1326,-33.7823,868.68,false,94.76,163.93
"abfc71","SWA4899 ","United States","2025-02-06 05:09:49.000","2025-02-06 05:09:49.000",-117.6349,37.6396,10363.2,false,208.46,326.27
"80165a","AIC671  ","India","2025-02-06 05:05:39.000","2025-02-06 05:05:40.000",80.1475,12.9821,60.96,false,69.85,69.3
"a59530","SCW4952 ","United States","2025-02-06 05:09:56.000","2025-02-06 05:09:56.000",-73.1417,41.8757,8915.4,false,161.59,268.54
"ace6e2","AAL2321 ","United States","2025-02-06 05:09:57.000","2025-02-06 05:09:57.000",-95.7054,39.2646,11582.4,false,184.78,235.78
"7c6b3f","VGX     ","Australia","2025-02-06 05:09:57.000","2025-02-06 05:09:57.000",153.249,-28.0392,5775.96,false,211.79,8.66
"a3556f","JBU1410 ","United States","2025-02-06 05:09:53.000","2025-02-06 05:09:53.000",-71.0147,42.3684,\\N,true,0.06,247.5
"7c1089","DJV     ","Australia","2025-02-06 05:06:48.000","2025-02-06 05:06:48.000",152.3352,-27.0894,1036.32,false,70.03,257.7
"3c65a2","DLH772  ","Germany","2025-02-06 05:09:53.000","2025-02-06 05:09:53.000",79.6595,27.2624,11887.2,false,286.88,114.36
"a4b288","NAC730  ","United States","2025-02-06 05:09:57.000","2025-02-06 05:09:57.000",-153.0453,61.1598,9753.6,false,189.4,268.29
"a94b4b","UAL2217 ","United States","2025-02-06 05:09:56.000","2025-02-06 05:09:56.000",-112.2269,35.7301,11277.6,false,282.76,63.06
"4b187c","SWR17K  ","Switzerland","2025-02-06 05:09:57.000","2025-02-06 05:09:57.000",8.5755,47.4182,480.06,false,73.66,335.22
"4b187d","SWR147  ","Switzerland","2025-02-06 05:09:57.000","2025-02-06 05:09:57.000",8.7801,47.5136,2430.78,false,129.53,153.84
"ab649a","DAL32   ","United States","2025-02-06 05:09:56.000","2025-02-06 05:09:56.000",-62.2088,45.4577,10058.4,false,257.24,62.62
"86cfa0","ANA736  ","Japan","2025-02-06 05:09:56.000","2025-02-06 05:09:56.000",136.2113,34.6157,3451.86,false,118.86,268.76
"4b1883","SWR243  ","Switzerland","2025-02-06 05:09:57.000","2025-02-06 05:09:57.000",8.6315,47.3367,1097.28,false,88.17,335.53
"8a0418","AWQ322  ","Indonesia","2025-02-06 05:09:56.000","2025-02-06 05:09:56.000",110.4384,-4.0465,11582.4,false,244.13,326.34
"4b1884","SWR67G  ","Switzerland","2025-02-06 05:09:56.000","2025-02-06 05:09:57.000",-9.298,49.3168,12496.8,false,247.87,86.67
"ae5ac1","ICED01  ","United States","2025-02-06 05:05:04.000","2025-02-06 05:05:04.000",-104.752,38.6774,1783.08,false,30.18,299.62
"4b1881","SWR155  ","Switzerland","2025-02-06 05:09:57.000","2025-02-06 05:09:57.000",8.5462,47.4647,\\N,true,6.94,98.44
"4b1882","SWR87F  ","Switzerland","2025-02-06 05:09:56.000","2025-02-06 05:09:56.000",8.6738,47.2511,1615.44,false,108.67,357.29
"a6f23d","DAL2122 ","United States","2025-02-06 05:09:57.000","2025-02-06 05:09:57.000",-116.5749,34.3766,8610.6,false,180.83,243.29
"80168c","IGO938  ","India","2025-02-06 05:09:57.000","2025-02-06 05:09:57.000",77.3944,12.0054,5600.7,false,210.74,193.7
"86d6ac","JAL802  ","Japan","2025-02-06 05:09:57.000","2025-02-06 05:09:57.000",140.608,35.0764,3139.44,false,151.29,15.78
"ae1478","MAGIC07 ","United States","2025-02-06 05:09:10.000","2025-02-06 05:09:14.000",129.0224,34.7654,11887.2,false,248.34,147.69
"3c65c4","DLH1HP  ","Germany","2025-02-06 05:09:56.000","2025-02-06 05:09:57.000",19.488,46.4014,10972.8,false,208.54,285.3
"3c65cf","DLH2JT  ","Germany","2025-02-06 05:09:57.000","2025-02-06 05:09:57.000",16.5425,45.8816,10896.6,false,205.39,307.67
"a34291","UPS903  ","United States","2025-02-06 05:09:49.000","2025-02-06 05:09:49.000",-101.3658,38.0929,11277.6,false,301.53,85.11
"46b82a","AEE3K   ","Greece","2025-02-06 05:07:12.000","2025-02-06 05:07:16.000",24.3954,37.5056,3680.46,false,190.45,285.35
"ae1461","GRZLY67 ","United States","2025-02-06 05:09:57.000","2025-02-06 05:09:57.000",-122.2744,39.633,4541.52,false,154.74,346.93
"86d6a4","ANA812  ","Japan","2025-02-06 05:09:57.000","2025-02-06 05:09:57.000",140.3007,34.5375,6050.28,false,202.53,57.76
"e80242","LPE2469 ","Chile","2025-02-06 05:09:56.000","2025-02-06 05:09:57.000",-77.7194,33.5764,9753.6,false,235.08,187.54
"e80247","LAN084  ","Chile","2025-02-06 05:09:57.000","2025-02-06 05:09:57.000",-73.5365,-45.4783,9738.36,false,223.38,1.85
"8686cc","ANA554  ","Japan","2025-02-06 05:04:45.000","2025-02-06 05:06:00.000",139.7894,35.5516,2209.8,false,0.06,239.06
"3c65ca","DLH885  ","Germany","2025-02-06 05:09:56.000","2025-02-06 05:09:56.000",20.744,57.8802,11597.64,false,232.88,234.17
"c81d1b","ZKTUT   ","New Zealand","2025-02-06 05:09:55.000","2025-02-06 05:09:55.000",176.3328,-39.1784,1714.5,false,37.1,160.56
"c0220d","SWG4388 ","Canada","2025-02-06 05:09:55.000","2025-02-06 05:09:57.000",-99.8512,43.2678,10972.8,false,208.9,324.12
"aab9ae","JAS9    ","United States","2025-02-06 05:09:55.000","2025-02-06 05:09:56.000",-84.1226,28.0125,10363.2,false,216.05,295.83
"c07bbe","WJA360  ","Canada","2025-02-06 05:09:56.000","2025-02-06 05:09:56.000",-110.9019,49.2637,11277.6,false,266.49,89.67
"7c6b07","JST439  ","Australia","2025-02-06 05:09:54.000","2025-02-06 05:09:56.000",144.847,-37.6755,\\N,true,2.31,171.56
"0c4182","DWI6001 ","Dominican Republic","2025-02-06 05:09:57.000","2025-02-06 05:09:57.000",-63.312,5.741,11590.02,false,243.24,330.62
"acd47e","ASA422  ","United States","2025-02-06 05:09:56.000","2025-02-06 05:09:57.000",-95.8016,30.1774,2186.94,false,129.92,150.59
"847c18","JJP603  ","Japan","2025-02-06 05:08:46.000","2025-02-06 05:08:46.000",132.09,33.9686,3429,false,165.5,203.06
"440201","TAY4KU  ","Austria","2025-02-06 05:09:57.000","2025-02-06 05:09:57.000",19.0816,59.1417,10675.62,false,237.2,71.01
"a1ad46","N207NX  ","United States","2025-02-06 05:09:56.000","2025-02-06 05:09:56.000",-105.9789,39.3499,6400.8,false,171.18,99.69
"a83e49","FFT4965 ","United States","2025-02-06 05:09:56.000","2025-02-06 05:09:56.000",-115.1424,36.0799,\\N,true,8.23,\\N
"a114ed","UPS787  ","United States","2025-02-06 05:09:57.000","2025-02-06 05:09:57.000",-91.1643,35.3183,9441.18,false,257.33,52.72
"c01b4f","WJA1512 ","Canada","2025-02-06 05:09:57.000","2025-02-06 05:09:57.000",-118.0231,42.3409,10972.8,false,194.82,191.58
"a247f0","SKW3696 ","United States","2025-02-06 05:09:56.000","2025-02-06 05:09:56.000",-101.1991,37.897,11277.6,false,276.18,112.22
"aa56f7","UAL2275 ","United States","2025-02-06 05:05:57.000","2025-02-06 05:05:57.000",-87.91,41.9752,\\N,true,1.29,123.75
"0d0abf","VOI7720 ","Mexico","2025-02-06 05:09:56.000","2025-02-06 05:09:57.000",-109.9383,28.6076,11574.78,false,219.42,311.39
"c82440","ZKSWM   ","New Zealand","2025-02-06 05:07:56.000","2025-02-06 05:07:56.000",174.6729,-36.649,304.8,false,26.28,319.76
"e80200","LAN532  ","Chile","2025-02-06 05:09:51.000","2025-02-06 05:09:51.000",-77.9046,-11.5147,11574.78,false,237.33,346.72
"a58de0","UAL483  ","United States","2025-02-06 05:09:57.000","2025-02-06 05:09:57.000",-119.9063,37.6688,8778.24,false,187.85,274.56
"a091fd","FDX1837 ","United States","2025-02-06 05:09:56.000","2025-02-06 05:09:56.000",-119.854,35.9176,10980.42,false,212.45,314.41
"a40d5f","TIV360  ","United States","2025-02-06 05:09:57.000","2025-02-06 05:09:57.000",-112.2719,33.4614,12496.8,false,274.38,79.85
"758369","PAL407  ","Philippines","2025-02-06 05:09:56.000","2025-02-06 05:09:56.000",120.6699,14.3614,1584.96,false,95.33,147.34
"758368","PAL427  ","Philippines","2025-02-06 05:09:56.000","2025-02-06 05:09:57.000",140.4434,35.8533,3223.26,false,163.4,143.71
"aa441c","UAL875  ","United States","2025-02-06 05:09:29.000","2025-02-06 05:09:54.000",139.788,35.5372,60.96,true,4.37,317.81
"c0482a","ROU1661 ","Canada","2025-02-06 05:09:05.000","2025-02-06 05:09:05.000",-79.6109,43.6779,\\N,true,1.03,241.88
"7c7ccc","JST656  ","Australia","2025-02-06 05:09:57.000","2025-02-06 05:09:57.000",152.8913,-28.2087,6172.2,false,221.09,197.89
"800daf","AIC2556 ","India","2025-02-06 05:09:57.000","2025-02-06 05:09:57.000",75.5439,27.3486,10447.02,false,271.01,44.62
"7cf9de","VIPR34  ","Australia","2025-02-06 05:09:57.000","2025-02-06 05:09:57.000",115.8095,-31.2064,480.06,false,71.94,168.45
"885226","THA431  ","Thailand","2025-02-06 05:09:57.000","2025-02-06 05:09:57.000",112.0239,-3.5517,11277.6,false,245.29,148.38
"ad071d","PDT5865 ","United States","2025-02-06 05:09:56.000","2025-02-06 05:09:56.000",-86.0012,32.3986,1798.32,false,119.32,224.65
"7c7cc3","HM1     ","Australia","2025-02-06 05:09:56.000","2025-02-06 05:09:57.000",143.3044,-38.3839,990.6,false,69.51,241.73
"885221","THA934  ","Thailand","2025-02-06 05:09:56.000","2025-02-06 05:09:56.000",8.7378,50.4425,10797.54,false,222.55,278.37
"8014b0","IGO41U  ","India","2025-02-06 05:09:56.000","2025-02-06 05:09:56.000",77.4206,29.1923,7254.24,false,230.09,25.71
"5110ae","DMS711  ","Estonia","2025-02-06 05:09:55.000","2025-02-06 05:09:56.000",25.2839,54.6444,\\N,true,\\N,140.62
"7cf9e8","VIPR20  ","Australia","2025-02-06 05:09:57.000","2025-02-06 05:09:57.000",115.9704,-31.4916,982.98,false,77.29,78.09
"4a09b2","ISR761  ","Romania","2025-02-06 05:09:56.000","2025-02-06 05:09:57.000",33.6436,32.6288,10622.28,false,175.14,317.5
"7cf9e2","VIPR76  ","Australia","2025-02-06 05:09:56.000","2025-02-06 05:09:56.000",116.1073,-31.3412,1905,false,129.39,183.65
"7cf9e3","VIPR27  ","Australia","2025-02-06 05:09:56.000","2025-02-06 05:09:56.000",115.2225,-31.396,1295.4,false,114.53,108.6
"7cf9e4","VENG    ","Australia","2025-02-06 05:09:57.000","2025-02-06 05:09:57.000",115.5254,-31.5121,2057.4,false,144.17,101.11
"a4c4bb","UPS1085 ","United States","2025-02-06 05:08:16.000","2025-02-06 05:09:17.000",-89.1672,42.0788,1447.8,false,114.84,257.58
"a58ded","UPS454  ","United States","2025-02-06 05:09:08.000","2025-02-06 05:09:10.000",-79.4189,23.5005,10668,false,244.8,165.64
"5003ff","T7SSW   ","San Marino","2025-02-06 05:09:57.000","2025-02-06 05:09:57.000",140.4917,42.0222,9989.82,false,239.48,197.89
"c8244b","ANZ777M ","New Zealand","2025-02-06 05:09:56.000","2025-02-06 05:09:56.000",172.8106,-43.2817,1600.2,false,115.02,237.23
"861e9a","JAL649  ","Japan","2025-02-06 05:09:57.000","2025-02-06 05:09:57.000",138.896,35.1144,9136.38,false,154.57,259.06
"7c362d","KZJ     ","Australia","2025-02-06 05:09:13.000","2025-02-06 05:09:13.000",115.8785,-32.0964,\\N,true,5.14,233.44
"4aca83","NSZ2908 ","Sweden","2025-02-06 05:09:57.000","2025-02-06 05:09:57.000",17.6028,57.853,10972.8,false,240.22,229.86
"a75a10","FDX52   ","United States","2025-02-06 05:09:57.000","2025-02-06 05:09:57.000",-83.3946,31.253,10972.8,false,214.05,307.97
"a0a798","N141NE  ","United States","2025-02-06 05:09:56.000","2025-02-06 05:09:56.000",-70.9746,42.1388,312.42,false,62.57,158.29
"a88d20","N650EB  ","United States","2025-02-06 05:09:57.000","2025-02-06 05:09:57.000",-70.7764,42.2401,13716,false,282.98,63.2
"a2845b","SKW3883 ","United States","2025-02-06 05:09:57.000","2025-02-06 05:09:57.000",-118.1951,34.0297,762,false,92.79,163.57
"7c3635","KZR     ","Australia","2025-02-06 05:09:56.000","2025-02-06 05:09:56.000",151.996,-27.4889,1043.94,false,50.67,74.69
"a88d10","DAL8930 ","United States","2025-02-06 05:09:50.000","2025-02-06 05:09:55.000",-79.6204,43.6696,114.3,true,\\N,225
"a38a21","UPS232  ","United States","2025-02-06 05:09:57.000","2025-02-06 05:09:57.000",-11.5089,55.9308,9761.22,false,217.67,300.38
"a3f401","DAL339  ","United States","2025-02-06 05:09:57.000","2025-02-06 05:09:57.000",-105.0647,35.13,9753.6,false,201.41,267.07
"8014e6","AKJ141U ","India","2025-02-06 05:04:48.000","2025-02-06 05:05:06.000",75.815,26.4441,10363.2,false,195.98,204.01
"86d5c3","APJ532  ","Japan","2025-02-06 05:09:53.000","2025-02-06 05:09:55.000",138.5483,33.3636,11277.6,false,326.56,72.68
"861e70","ANA1080 ","Japan","2025-02-06 05:09:56.000","2025-02-06 05:09:57.000",139.6724,34.4724,4236.72,false,196.32,67.67
"0d0b8a","VOI3241 ","Mexico","2025-02-06 05:09:56.000","2025-02-06 05:09:56.000",-111.4475,28.6553,11582.4,false,226,318.69
"c81d9d","ANZ578  ","New Zealand","2025-02-06 05:09:39.000","2025-02-06 05:09:39.000",174.8275,-37.367,1722.12,false,139.09,2.97
"861e78","JAL555  ","Japan","2025-02-06 05:09:55.000","2025-02-06 05:09:56.000",139.7794,35.5493,53.34,true,5.92,323.44
"8014df","IGO318  ","India","2025-02-06 05:05:22.000","2025-02-06 05:05:22.000",75.7333,26.5777,9151.62,false,204.84,200.89
"85188c","JAL587  ","Japan","2025-02-06 05:09:54.000","2025-02-06 05:09:56.000",140.2247,37.5306,10058.4,false,238.39,6.94
"758337","PAL301  ","Philippines","2025-02-06 05:09:56.000","2025-02-06 05:09:56.000",120.7877,14.3801,1181.1,false,92.75,61.87
"49530a","TAP262M ","Portugal","2025-02-06 05:09:56.000","2025-02-06 05:09:56.000",-68.2539,42.7483,10066.02,false,278.66,96.68
"7c1c6a","FWC     ","Australia","2025-02-06 05:06:53.000","2025-02-06 05:09:55.000",148.7077,-34.487,1737.36,false,55.41,77.12
"ae0d26","NINJA32 ","United States","2025-02-06 05:08:27.000","2025-02-06 05:08:27.000",141.5148,43.0383,731.52,false,50.03,149.74
"8a0455","LNI697  ","Indonesia","2025-02-06 05:09:56.000","2025-02-06 05:09:56.000",109.5519,-5.8289,9753.6,false,244.26,262.74
"abb440","UAL2411 ","United States","2025-02-06 05:09:56.000","2025-02-06 05:09:56.000",-118.5833,34.3559,1790.7,false,118.29,212.93
"4520fb","GPX6002 ","Bulgaria","2025-02-06 05:09:57.000","2025-02-06 05:09:57.000",16.7443,44.5247,10972.8,false,212.19,313.13
"8a043a","GIA843  ","Indonesia","2025-02-06 05:09:56.000","2025-02-06 05:09:57.000",112.9569,-5.9512,10058.4,false,225.24,127.58
"86d5e0","JAL736  ","Japan","2025-02-06 05:06:24.000","2025-02-06 05:06:26.000",133.219,32.4713,12496.8,false,327.16,63.88
"471f86","WZZ28SC ","Hungary","2025-02-06 05:09:57.000","2025-02-06 05:09:57.000",20.2947,44.8217,\\N,true,4.89,300.94
"495309","TAP218  ","Portugal","2025-02-06 05:09:47.000","2025-02-06 05:09:50.000",-9.1351,38.7733,\\N,true,8.23,168.75
"ac1ad7","SWA4681 ","United States","2025-02-06 05:09:56.000","2025-02-06 05:09:56.000",-121.4153,36.4833,5448.3,false,184.35,325.69
"acba1b","SWA495  ","United States","2025-02-06 05:09:57.000","2025-02-06 05:09:57.000",-98.7427,36.3813,7505.7,false,242.03,136.81
"8014bc","IGO1016 ","India","2025-02-06 05:09:11.000","2025-02-06 05:09:11.000",95.9248,19.6829,11582.4,false,22.34,352.06
"495301","TAP204A ","Portugal","2025-02-06 05:09:56.000","2025-02-06 05:09:56.000",-74.2406,40.7232,1859.28,false,133.46,189.32
"87453a","ANA65   ","Japan","2025-02-06 05:05:43.000","2025-02-06 05:05:54.000",140.4665,38.7263,11269.98,false,271.13,14.17
"4952ad","TAP224  ","Portugal","2025-02-06 05:09:21.000","2025-02-06 05:09:21.000",-9.1407,38.7725,\\N,false,67.55,22.85
"393320","UNKNOWN","France","2025-02-06 05:09:38.000","2025-02-06 05:09:44.000",1.3721,43.6303,\\N,true,2.31,53.44
"4520ea","ADZ3844 ","Bulgaria","2025-02-06 05:09:30.000","2025-02-06 05:09:30.000",9.1878,55.7415,\\N,false,72.11,267.14
"8014d8","IGO5347 ","India","2025-02-06 05:09:56.000","2025-02-06 05:09:56.000",76.9795,28.3019,3025.14,false,156.29,184.15
"e48baa","TAM8085 ","Brazil","2025-02-06 05:09:56.000","2025-02-06 05:09:56.000",-37.7372,-2.4167,10363.2,false,248.48,204.07
"e492a6","UNKNOWN","Brazil","2025-02-06 05:09:56.000","2025-02-06 05:09:56.000",-60.4678,10.2686,11285.22,false,229.65,143.1
"84cb5b","JJP14   ","Japan","2025-02-06 05:09:56.000","2025-02-06 05:09:57.000",121.6931,25.2868,4511.04,false,207.12,74
"aded25","FDX1310 ","United States","2025-02-06 05:05:56.000","2025-02-06 05:07:01.000",-89.4572,35.2069,1356.36,false,100.79,191.48
"7c1c4f","HT810   ","Australia","2025-02-06 05:09:57.000","2025-02-06 05:09:57.000",116.5717,-31.4663,4572,false,137.31,4.73
"8014ce","IGO43JH ","India","2025-02-06 05:09:55.000","2025-02-06 05:09:55.000",88.4421,22.6482,\\N,true,6.94,185.62
"8014d9","IGO822  ","India","2025-02-06 05:09:57.000","2025-02-06 05:09:57.000",85.0479,24.682,10370.82,false,203.4,302.08
"758309","PAL592  ","Philippines","2025-02-06 05:09:57.000","2025-02-06 05:09:57.000",120.9725,14.4826,228.6,false,70.96,60.46
"758307","PAL431  ","Philippines","2025-02-06 05:09:56.000","2025-02-06 05:09:57.000",122.1758,15.1523,7178.04,false,219.82,240.26
"471f68","WMT623  ","Hungary","2025-02-06 05:09:57.000","2025-02-06 05:09:57.000",16.7744,47.8852,10972.8,false,201.47,294.27
"471f66","WZZ21ES ","Hungary","2025-02-06 05:09:56.000","2025-02-06 05:09:57.000",29.1958,36.057,10980.42,false,191.97,287.95
"471f67","WMT3DQ  ","Hungary","2025-02-06 05:09:57.000","2025-02-06 05:09:57.000",24.1408,45.2848,10744.2,false,200.03,290.16
"3c6743","DLH62K  ","Germany","2025-02-06 05:09:57.000","2025-02-06 05:09:57.000",-0.2753,39.7521,4335.78,false,177.5,52.3
"7c6a8c","VOZ1482 ","Australia","2025-02-06 05:09:57.000","2025-02-06 05:09:57.000",116.0122,-31.9137,274.32,false,68.21,240.15
"a9178d","UAL924  ","United States","2025-02-06 05:09:55.000","2025-02-06 05:09:55.000",-64.3308,42.9604,11277.6,false,263.37,69.65
"471f64","WZZ6022 ","Hungary","2025-02-06 05:09:57.000","2025-02-06 05:09:57.000",33.0077,35.0483,6499.86,false,159.92,288.38
"471f65","WMT2UZ  ","Hungary","2025-02-06 05:09:56.000","2025-02-06 05:09:56.000",26.1807,44.5388,1120.14,false,105.23,222.42
"471f62","WMT448  ","Hungary","2025-02-06 05:09:56.000","2025-02-06 05:09:56.000",14.8651,44.4512,10972.8,false,219.74,268.52
"a4b1ff","DLX401  ","United States","2025-02-06 05:09:48.000","2025-02-06 05:09:48.000",-111.341,36.6017,12192,false,187.68,218.88
"a99a52","FFT4978 ","United States","2025-02-06 05:09:56.000","2025-02-06 05:09:56.000",-86.8508,28.5884,10668,false,252.74,101.74
"3c6741","DLH2FL  ","Germany","2025-02-06 05:09:57.000","2025-02-06 05:09:57.000",18.3185,46.1818,11582.4,false,206.56,300.21
"7809a2","CDG2233 ","China","2025-02-06 05:09:57.000","2025-02-06 05:09:57.000",118.1223,24.5383,\\N,true,6.94,230.62
"a7b133","JIA5360 ","United States","2025-02-06 05:07:27.000","2025-02-06 05:07:29.000",-80.9312,35.1661,381,false,70.6,356.66
"3c5425","BCS76K  ","Germany","2025-02-06 05:09:57.000","2025-02-06 05:09:57.000",19.2242,47.445,\\N,true,5.92,253.12
"440ced","TAY5TR  ","Austria","2025-02-06 05:09:57.000","2025-02-06 05:09:57.000",9.1128,48.6692,594.36,false,60.28,74.66
"471f78","WZZ56LW ","Hungary","2025-02-06 05:06:22.000","2025-02-06 05:09:57.000",18.4317,54.3858,2979.42,false,76.34,292.59
"471f71","WMT582  ","Hungary","2025-02-06 05:09:57.000","2025-02-06 05:09:57.000",18.1238,47.1464,10972.8,false,201.77,296.5
"471f72","WMT4EH  ","Hungary","2025-02-06 05:09:57.000","2025-02-06 05:09:57.000",20.3197,43.2198,10363.2,false,215.6,258.72
"ada546","ASI717  ","United States","2025-02-06 05:09:57.000","2025-02-06 05:09:57.000",-112.0539,33.7075,731.52,false,46.77,150.33
"ae620d","CARD79  ","United States","2025-02-06 05:06:00.000","2025-02-06 05:06:04.000",127.3212,37.3252,449.58,false,58.07,187.13
"7809b4","CSH9332 ","China","2025-02-06 05:09:53.000","2025-02-06 05:09:54.000",117.6064,26.2587,10698.48,false,272.43,50.06
"471f5d","WZZ59BU ","Hungary","2025-02-06 05:09:56.000","2025-02-06 05:09:56.000",8.5592,51.2328,11582.4,false,217.64,243.31
"3c5434","BCS10K  ","Germany","2025-02-06 05:09:57.000","2025-02-06 05:09:57.000",-3.025,40.2445,3246.12,false,144.43,210.86
"0d0b78","VIV3187 ","Mexico","2025-02-06 05:05:16.000","2025-02-06 05:05:16.000",-110.2592,27.9929,9090.66,false,232.63,147.65
"7809b8","CES703  ","China","2025-02-06 05:09:57.000","2025-02-06 05:09:57.000",29.4136,41.291,2979.42,false,153.62,219.02
"4400cd","TAY8VE  ","Austria","2025-02-06 05:09:57.000","2025-02-06 05:09:57.000",16.5618,48.1136,\\N,true,41.16,295.31
"4520c4","BCS5959 ","Bulgaria","2025-02-06 04:39:50.000","2025-02-06 05:09:56.000",18.0259,53.2113,4884.42,false,245.71,67.73
"3c674d","DLH893  ","Germany","2025-02-06 05:09:57.000","2025-02-06 05:09:57.000",15.0851,54.8529,10972.8,false,220.47,229.73
"a3918f","UPS1013 ","United States","2025-02-06 05:09:57.000","2025-02-06 05:09:57.000",-82.6456,40.2802,11582.4,false,196.72,260.37
"5003b9","LSM888  ","San Marino","2025-02-06 05:08:34.000","2025-02-06 05:09:34.000",134.809,33.2768,12192,false,173.31,230.78
"471f58","WZZ50LM ","Hungary","2025-02-06 05:09:56.000","2025-02-06 05:09:56.000",20.9885,46.6267,11277.6,false,203.01,329.21
"471f55","WZZ191  ","Hungary","2025-02-06 05:09:37.000","2025-02-06 05:09:57.000",21.7261,47.508,11582.4,false,211.35,311.65
"a7615f","DAL291  ","United States","2025-02-06 05:06:13.000","2025-02-06 05:06:35.000",-118.4302,33.9365,\\N,true,3.6,343.12
"471f59","WZZ5973 ","Hungary","2025-02-06 05:09:56.000","2025-02-06 05:09:56.000",16.2183,46.1662,10972.8,false,208.36,292.2
"4400be","TAY9LA  ","Austria","2025-02-06 05:09:56.000","2025-02-06 05:09:57.000",12.199,41.9953,845.82,false,88.85,162.82
"c07c7a","ACA1174 ","Canada","2025-02-06 05:09:48.000","2025-02-06 05:09:48.000",-66.9319,47.5698,11277.6,false,261.76,72.03
"a28fa9","UPS1303 ","United States","2025-02-06 05:09:56.000","2025-02-06 05:09:56.000",-85.3767,37.5623,3246.12,false,167.14,331.31
"a831e5","SKW5700 ","United States","2025-02-06 05:09:56.000","2025-02-06 05:09:56.000",-101.3355,41.8663,10668,false,260.1,61.66
"0d0b91","VOI7730 ","Mexico","2025-02-06 05:09:56.000","2025-02-06 05:09:56.000",-98.1712,24.8586,11285.22,false,223.09,32.19
"3c6702","DLH719  ","Germany","2025-02-06 05:09:22.000","2025-02-06 05:09:23.000",126.3244,37.1339,3124.2,false,139.55,272.54
"a46304","DAL2386 ","United States","2025-02-06 05:09:56.000","2025-02-06 05:09:56.000",-73.5984,40.5329,784.86,false,120.7,15.58
"3c6709","DLH574  ","Germany","2025-02-06 05:09:57.000","2025-02-06 05:09:57.000",18.6041,-33.0644,4015.74,false,171.49,185.16
"a83dcc","N630AR  ","United States","2025-02-06 05:09:57.000","2025-02-06 05:09:57.000",-74.9118,41.2306,6012.18,false,191.04,299.88
"7809e4","CSN3858 ","China","2025-02-06 05:09:57.000","2025-02-06 05:09:57.000",113.7158,22.9766,8107.68,false,256.92,84.37
"471f35","WZZ9EU  ","Hungary","2025-02-06 05:09:57.000","2025-02-06 05:09:57.000",11.7807,42.3817,10675.62,false,227.08,226.65
"3c6712","DLH727  ","Germany","2025-02-06 05:09:57.000","2025-02-06 05:09:57.000",11.9393,48.1707,3253.74,false,153.08,277.53
"a40ca4","DAL2642 ","United States","2025-02-06 05:09:57.000","2025-02-06 05:09:57.000",-76.3903,38.7971,7292.34,false,242.62,49.39
"3c6710","DLH790  ","Germany","2025-02-06 05:09:57.000","2025-02-06 05:09:57.000",80.2559,14.2917,11887.2,false,243.66,117.27
"aa311c","N756JA  ","United States","2025-02-06 05:09:57.000","2025-02-06 05:09:57.000",-96.389,33.156,1584.96,false,45.27,270.65
"471f37","WZZ2BV  ","Hungary","2025-02-06 05:08:14.000","2025-02-06 05:09:55.000",28.4655,43.7525,11292.84,false,252.56,124.21
"471f38","WMT894R ","Hungary","2025-02-06 05:09:56.000","2025-02-06 05:09:56.000",28.689,43.0443,11277.6,false,255.62,152.82
"801603","AIC2995 ","India","2025-02-06 05:09:56.000","2025-02-06 05:09:57.000",76.1829,27.332,9989.82,false,199.05,211.47
"7c3616","KYW     ","Australia","2025-02-06 05:09:56.000","2025-02-06 05:09:56.000",143.006,-38.2282,1104.9,false,58.28,81.37
"801612","AIC102  ","India","2025-02-06 05:09:57.000","2025-02-06 05:09:57.000",77.4874,28.7002,3345.18,false,130.07,125.83
"75839f","PAL356  ","Philippines","2025-02-06 05:08:48.000","2025-02-06 05:08:53.000",118.535,24.713,464.82,false,67.96,29.48
"4951ee","TAP028  ","Portugal","2025-02-06 05:09:56.000","2025-02-06 05:09:56.000",-36.1942,-4.4002,11887.2,false,234.4,15.53
"a030a8","RPA4478 ","United States","2025-02-06 05:09:57.000","2025-02-06 05:09:57.000",-84.6258,40.0682,7459.98,false,192.42,286.3
"471f03","WMT706  ","Hungary","2025-02-06 05:09:57.000","2025-02-06 05:09:57.000",20.5008,44.247,10972.8,false,214.36,266.7
"ab0da1","N811FS  ","United States","2025-02-06 05:09:56.000","2025-02-06 05:09:56.000",-97.8111,29.8946,2636.52,false,147.05,274.41
"0d0b36","VIV4290 ","Mexico","2025-02-06 05:04:51.000","2025-02-06 05:04:52.000",-96.7134,24.8093,11269.98,false,227.76,108.03
"a0a6e9","FDX1645 ","United States","2025-02-06 05:09:57.000","2025-02-06 05:09:57.000",-97.5318,38.9377,11285.22,false,299.65,80.81
"3c670b","DLH791  ","Germany","2025-02-06 05:05:28.000","2025-02-06 05:05:28.000",11.7979,48.3532,\\N,true,0.39,84.38
"3c670e","DLH578  ","Germany","2025-02-06 05:09:57.000","2025-02-06 05:09:57.000",28.0431,-26.2817,2750.82,false,162.77,126.91
"a831b2","QXE2065 ","United States","2025-02-06 05:09:56.000","2025-02-06 05:09:56.000",-118.6398,33.9177,2125.98,false,137.92,268.5
"a7d775","TWY85   ","United States","2025-02-06 05:08:27.000","2025-02-06 05:08:43.000",-122.3836,37.6083,\\N,true,3.86,126.56
"c08335","WJA1118 ","Canada","2025-02-06 05:09:57.000","2025-02-06 05:09:57.000",-106.4703,40.3099,11582.4,false,169.34,242.89
"a977d4","AAL1326 ","United States","2025-02-06 05:09:57.000","2025-02-06 05:09:57.000",-80.7872,34.972,6614.16,false,210.05,140.27
"440ce0","CHG532  ","Austria","2025-02-06 05:09:57.000","2025-02-06 05:09:57.000",-0.8558,51.2388,10972.8,false,256.91,92.3
"e49390","AZU6090 ","Brazil","2025-02-06 05:09:57.000","2025-02-06 05:09:57.000",-38.5269,-3.7789,\\N,true,4.89,241.88
"a0934b","UPS761  ","United States","2025-02-06 05:09:56.000","2025-02-06 05:09:56.000",-107.4353,34.4083,10965.18,false,201.19,271.17
"7c4926","QFA1    ","Australia","2025-02-06 05:09:56.000","2025-02-06 05:09:56.000",9.0493,50.0614,11582.4,false,216.38,291.62
"ab772d","DAL707  ","United States","2025-02-06 05:09:56.000","2025-02-06 05:09:56.000",-106.9418,35.986,9753.6,false,194.11,252.57
"408092","BAW48Q  ","United Kingdom","2025-02-06 05:09:56.000","2025-02-06 05:09:56.000",-102.3759,53.8987,10660.38,false,264.31,65.63
"ab27d3","N818HR  ","United States","2025-02-06 05:09:56.000","2025-02-06 05:09:56.000",-74.9354,41.4895,11582.4,false,167.23,257.2
"a3b90e","UPS1381 ","United States","2025-02-06 05:09:57.000","2025-02-06 05:09:57.000",-89.827,35.6707,9448.8,false,225.01,10.54
"80174a","IGO36YE ","India","2025-02-06 05:09:56.000","2025-02-06 05:09:57.000",77.2425,28.5671,739.14,false,80.77,270.73
"a7d6a8","FFT1954 ","United States","2025-02-06 05:09:56.000","2025-02-06 05:09:56.000",-73.8997,23.6913,11277.6,false,258.15,127.14
"80174c","IGO7275 ","India","2025-02-06 05:09:56.000","2025-02-06 05:09:56.000",76.9963,28.2377,4259.58,false,135.38,194.3
"c02ebd","ACA127  ","Canada","2025-02-06 05:09:57.000","2025-02-06 05:09:57.000",-116.7566,49.8878,11574.78,false,239.3,265.93
"a666cd","SKW4931 ","United States","2025-02-06 05:09:57.000","2025-02-06 05:09:57.000",-111.938,33.4407,594.36,false,69.45,270
"8a01dc","GIA535  ","Indonesia","2025-02-06 05:09:54.000","2025-02-06 05:09:54.000",107.5633,-5.9618,4815.84,false,147.65,269.6
"7c7f90","ZHE     ","Australia","2025-02-06 05:09:57.000","2025-02-06 05:09:57.000",115.9024,-32.1108,365.76,false,54.43,53.46
"ad9db0","ASA141  ","United States","2025-02-06 05:09:56.000","2025-02-06 05:09:56.000",-120.6767,45.5257,10972.8,false,222.31,321.67
"ac97d0","N910MT  ","United States","2025-02-06 05:09:56.000","2025-02-06 05:09:56.000",-102.5252,33.4688,1379.22,false,62.77,269.06
"3c658d","DLH877  ","Germany","2025-02-06 05:09:56.000","2025-02-06 05:09:57.000",5.5941,57.7289,10835.64,false,239.08,176.79
"c81ac0","ANZ257L ","New Zealand","2025-02-06 05:09:57.000","2025-02-06 05:09:57.000",176.0523,-38.8061,6362.7,false,111.68,194.68
"3c658e","DLH37Y  ","Germany","2025-02-06 05:09:50.000","2025-02-06 05:09:50.000",-9.1387,38.7719,\\N,true,8.23,208.12
"8a01ce","LNI822  ","Indonesia","2025-02-06 05:09:56.000","2025-02-06 05:09:56.000",113.7089,-7.5443,6903.72,false,220.48,104.46
"c07e33","ACA1286 ","Canada","2025-02-06 05:09:50.000","2025-02-06 05:09:57.000",-79.6314,43.6897,106.68,true,0.06,137.81
"8a01cd","LNI647  ","Indonesia","2025-02-06 05:09:57.000","2025-02-06 05:09:57.000",112.2007,-6.7819,10363.2,false,250.99,294.2
"a34358","UAL915  ","United States","2025-02-06 05:09:56.000","2025-02-06 05:09:56.000",1.7725,49.1356,2278.38,false,144.17,132.69
"3c6599","DLH2AC  ","Germany","2025-02-06 05:07:01.000","2025-02-06 05:07:01.000",13.7633,51.1265,\\N,true,1.29,47.81
"7c6c56","VOZ274  ","Australia","2025-02-06 05:09:57.000","2025-02-06 05:09:57.000",146.8282,-36.8207,9753.6,false,212.03,236.08
"aa57e6","AVA198  ","United States","2025-02-06 05:07:07.000","2025-02-06 05:07:07.000",-43.4283,-21.8066,6995.16,false,238.14,329.78
"a2dffe","UAL484  ","United States","2025-02-06 05:09:57.000","2025-02-06 05:09:57.000",-106.5918,35.3511,3169.92,false,155.53,182.65
"a426da","FFT4601 ","United States","2025-02-06 05:09:56.000","2025-02-06 05:09:56.000",-82.5719,35.1986,11590.02,false,218.99,225.38
"a89fcf","FDX1366 ","United States","2025-02-06 05:09:56.000","2025-02-06 05:09:56.000",-97.4276,35.0862,10668,false,284.65,93.94
"801744","IGO6328 ","India","2025-02-06 05:09:55.000","2025-02-06 05:09:57.000",75.8188,26.4491,10980.42,false,187.94,203.9
"801745","IGO355  ","India","2025-02-06 05:09:56.000","2025-02-06 05:09:56.000",76.6031,28.3155,4861.56,false,183.52,59.7
"80172e","IGO228  ","India","2025-02-06 05:09:56.000","2025-02-06 05:09:57.000",85.7029,23.4723,10668,false,276.77,70.45
"7c6c29","VOZ1909 ","Australia","2025-02-06 05:09:57.000","2025-02-06 05:09:57.000",115.512,-31.389,5692.14,false,217.37,10.09
"e49f22","AZU8709 ","Brazil","2025-02-06 05:09:56.000","2025-02-06 05:09:56.000",-67.3686,18.2968,11277.6,false,246.92,147.77
"8852e1","THA940  ","Thailand","2025-02-06 05:09:56.000","2025-02-06 05:09:57.000",10.1434,45.6488,8054.34,false,210.61,267.48
"00c45d","SFR152  ","South Africa","2025-02-06 05:09:57.000","2025-02-06 05:09:57.000",26.5877,-33.2092,4815.84,false,203.5,81.28
"c02ee7","ACA57   ","Canada","2025-02-06 05:09:57.000","2025-02-06 05:09:57.000",11.8526,52.8892,10965.18,false,237.97,328.17
"7c6c33","VOZ9085 ","Australia","2025-02-06 05:09:57.000","2025-02-06 05:09:57.000",115.9281,-29.7636,11887.2,false,248.6,8.45
"0d10e4","UNKNOWN","Mexico","2025-02-06 05:08:35.000","2025-02-06 05:08:35.000",-99.0685,19.4404,\\N,true,5.4,329.06
"3c4b33","DLH779  ","Germany","2025-02-06 05:09:57.000","2025-02-06 05:09:57.000",8.347,49.9826,701.04,false,81.89,69.4
"aba1a0","DAL622  ","United States","2025-02-06 05:09:34.000","2025-02-06 05:09:34.000",-118.4069,33.9486,\\N,true,1.29,81.56
"39e68a","AFR59MK ","France","2025-02-06 05:09:54.000","2025-02-06 05:09:54.000",17.927,59.6444,\\N,true,\\N,50.62
"3c6542","DLH1561 ","Germany","2025-02-06 05:09:56.000","2025-02-06 05:09:56.000",11.1125,49.1663,7277.1,false,193.86,301.88
"3c4b2d","DLH778  ","Germany","2025-02-06 05:09:57.000","2025-02-06 05:09:57.000",81.5935,13.6493,10668,false,255.84,117.03
"7c6049","TAZ     ","Australia","2025-02-06 05:08:22.000","2025-02-06 05:09:21.000",152.0473,-30.0815,5059.68,false,148.54,220.36
"7c6c95","JST737  ","Australia","2025-02-06 05:07:07.000","2025-02-06 05:07:08.000",147.2238,-41.5601,236.22,false,70.78,327.46
"7c6c90","JST461  ","Australia","2025-02-06 05:03:42.000","2025-02-06 05:08:33.000",153.5568,-28.8369,\\N,true,\\N,205.31
"3c4b2c","DLH463  ","Germany","2025-02-06 05:09:56.000","2025-02-06 05:09:56.000",-6.6384,50.2872,9448.8,false,229.97,76.68
"e48006","GLO9603 ","Brazil","2025-02-06 05:09:56.000","2025-02-06 05:09:56.000",-46.5163,-16.7579,12192,false,202.41,177.23
"3c4b2b","DLH403  ","Germany","2025-02-06 05:09:57.000","2025-02-06 05:09:57.000",-7.5055,52.2599,11887.2,false,237.93,102.23
"c821ee","ANZ448  ","New Zealand","2025-02-06 05:09:56.000","2025-02-06 05:09:56.000",174.7481,-40.0607,8953.5,false,245.73,3
"39e681","AFR94BH ","France","2025-02-06 05:09:52.000","2025-02-06 05:09:55.000",8.5557,47.4544,243.84,true,\\N,185.62
"a85931","QXE2009 ","United States","2025-02-06 05:09:57.000","2025-02-06 05:09:57.000",-122.7055,44.6304,6202.68,false,199.1,4.15
"c07e17","HRT349  ","Canada","2025-02-06 05:09:57.000","2025-02-06 05:09:57.000",-108.5238,39.5504,13106.4,false,192.07,237.25
"aba1c9","FDX5279 ","United States","2025-02-06 05:09:56.000","2025-02-06 05:09:56.000",75.7898,28.7421,9745.98,false,216.02,264.53
"a0808f","SKW5846 ","United States","2025-02-06 05:09:56.000","2025-02-06 05:09:56.000",-109.2184,32.5597,8534.4,false,206.36,230.16
"7c6c82","SPTR646 ","Australia","2025-02-06 05:09:56.000","2025-02-06 05:09:56.000",115.2743,-34.0838,2026.92,false,55.77,345.58
"c821f8","ANZ853M ","New Zealand","2025-02-06 05:09:57.000","2025-02-06 05:09:57.000",172.8048,-42.0734,5478.78,false,134.23,184.84
"7c7f8e","ZHC     ","Australia","2025-02-06 05:09:57.000","2025-02-06 05:09:57.000",115.7114,-32.5451,1409.7,false,59.71,1.97
"ac0a75","RPA5620 ","United States","2025-02-06 05:09:57.000","2025-02-06 05:09:57.000",-82.5326,40.0173,7315.2,false,161.66,245.96
"a008c5","DAL493  ","United States","2025-02-06 05:09:57.000","2025-02-06 05:09:57.000",-103.009,38.9589,10058.4,false,174.88,301.77
"a3fffc","DAL2962 ","United States","2025-02-06 05:09:56.000","2025-02-06 05:09:56.000",-84.2493,42.2582,11887.2,false,266.67,109.38
"a008c9","DAL1677 ","United States","2025-02-06 05:09:56.000","2025-02-06 05:09:56.000",-97.6622,30.2022,\\N,true,\\N,289.69
"3c656e","DLH561  ","Germany","2025-02-06 05:09:57.000","2025-02-06 05:09:57.000",8.976,47.68,12192,false,224.4,358.29
"ac71dd","AAL2208 ","United States","2025-02-06 05:09:55.000","2025-02-06 05:09:56.000",-92.7545,35.9582,11582.4,false,217.85,210.2
"39e690","AFR18YP ","France","2025-02-06 05:09:57.000","2025-02-06 05:09:57.000",21.5088,45.9572,10972.8,false,201.23,290.66
"a27e39","N26SE   ","United States","2025-02-06 05:09:56.000","2025-02-06 05:09:56.000",-116.2053,34.9942,7924.8,false,117.59,227.3
"846a34","JJP152  ","Japan","2025-02-06 05:09:55.000","2025-02-06 05:09:55.000",134.1053,34.695,4389.12,false,140,172.82
"7c2fa1","JOZ     ","Australia","2025-02-06 05:09:14.000","2025-02-06 05:09:37.000",147.4011,-33.8349,3078.48,false,76.67,31.56
"a2ce02","N280AG  ","United States","2025-02-06 05:09:56.000","2025-02-06 05:09:56.000",-97.2951,32.4463,1386.84,false,85.5,357.24
"c01040","ACA25   ","Canada","2025-02-06 05:09:55.000","2025-02-06 05:09:55.000",135.982,36.821,11582.4,false,187.78,244.7
"78207f","CXA8208 ","China","2025-02-06 05:09:57.000","2025-02-06 05:09:57.000",117.935,25.4,4290.06,false,197.95,174.48
"a84699","EJA632  ","United States","2025-02-06 05:09:57.000","2025-02-06 05:09:57.000",-89.2658,42.8941,12496.8,false,268.13,82.72
"3c64a2","DLH3PF  ","Germany","2025-02-06 05:09:55.000","2025-02-06 05:09:56.000",19.7951,41.0822,10972.8,false,217.85,328.22
"a03235","AAL1578 ","United States","2025-02-06 05:09:57.000","2025-02-06 05:09:57.000",-115.9316,34.619,9235.44,false,181.72,246.12
"c01049","ACA79   ","Canada","2025-02-06 05:09:57.000","2025-02-06 05:09:57.000",13.784,50.9139,10965.18,false,234.51,328.82
"0d10bc","VIV1229 ","Mexico","2025-02-06 05:09:56.000","2025-02-06 05:09:56.000",-97.7457,18.53,10972.8,false,215.07,288.69
"0d10bd","VOI151  ","Mexico","2025-02-06 05:09:32.000","2025-02-06 05:09:32.000",-99.0689,19.4409,\\N,true,4.12,303.75
"a0a837","UPS1125 ","United States","2025-02-06 05:09:57.000","2025-02-06 05:09:57.000",-82.2393,42.6855,9753.6,false,198.58,269.85
"3c64af","DLH693  ","Germany","2025-02-06 05:09:56.000","2025-02-06 05:09:57.000",8.4628,49.8165,1935.48,false,127.53,265.14
"3c64ae","DLH1305 ","Germany","2025-02-06 05:09:57.000","2025-02-06 05:09:57.000",24.7716,43.045,10363.2,false,201.1,297.42
"a2c0ff","FDX1251 ","United States","2025-02-06 05:09:29.000","2025-02-06 05:09:32.000",-89.9898,35.1691,800.1,false,68.43,179.14
"acc262","FDX1349 ","United States","2025-02-06 05:06:55.000","2025-02-06 05:07:12.000",-89.6512,35.0508,1257.3,false,74.08,270.4
"3c64c3","DLH761  ","Germany","2025-02-06 05:09:57.000","2025-02-06 05:09:57.000",20.8597,46.4698,11582.4,false,212.78,292.91
"a3b8e1","AAL1360 ","United States","2025-02-06 05:09:56.000","2025-02-06 05:09:56.000",-83.1082,37.095,11277.6,false,262.26,71
"a95f67","N70275  ","United States","2025-02-06 05:09:57.000","2025-02-06 05:09:57.000",-113.9716,32.7759,3048,false,48.75,262.72
"a70c67","AAL1886 ","United States","2025-02-06 05:09:55.000","2025-02-06 05:09:55.000",-71.0182,42.3601,\\N,true,\\N,19.69
"7c7f53","ZFP     ","Australia","2025-02-06 05:09:54.000","2025-02-06 05:09:55.000",150.9916,-33.9253,38.1,false,35.4,125.54
"ab77b7","N838SW  ","United States","2025-02-06 05:09:57.000","2025-02-06 05:09:57.000",-84.8249,42.9023,12192,false,217.81,305.19
"a8e3a8","FDX1257 ","United States","2025-02-06 05:09:54.000","2025-02-06 05:09:55.000",-90.2447,34.8493,3322.32,false,169.79,52.26
"7c2fdb","NWK1643 ","Australia","2025-02-06 05:05:49.000","2025-02-06 05:05:52.000",115.961,-31.9321,\\N,true,0.45,199.69
"7c6c25","VOZ9299 ","Australia","2025-02-06 05:09:56.000","2025-02-06 05:09:56.000",115.768,-31.5709,6644.64,false,218.02,5.28
"8016a5","IGO5272 ","India","2025-02-06 05:06:08.000","2025-02-06 05:06:15.000",76.1703,12.6318,10043.16,false,239.32,323.3
"a222b2","MXY6344 ","United States","2025-02-06 05:09:57.000","2025-02-06 05:09:57.000",-73.04,42.5108,9204.96,false,198.66,254.99
"c02f6a","WJA2157 ","Canada","2025-02-06 05:09:53.000","2025-02-06 05:09:54.000",-121.201,44.7587,10972.8,false,219.63,347.01
"4aca73","SAS1900 ","Sweden","2025-02-06 05:09:56.000","2025-02-06 05:09:56.000",9.18,56.2963,6697.98,false,165.68,4.63
"ab77ac","SKW3651 ","United States","2025-02-06 05:09:57.000","2025-02-06 05:09:57.000",-81.5806,42.2973,8107.68,false,251.54,82.72
"a03273","N1111P  ","United States","2025-02-06 05:09:57.000","2025-02-06 05:09:57.000",-148.7602,60.6793,5013.96,false,161.27,312.8
"7c1ca2","FD567   ","Australia","2025-02-06 05:09:56.000","2025-02-06 05:09:56.000",139.9216,-36.7116,5486.4,false,124.14,326.84
"76b869","TGW491  ","Singapore","2025-02-06 05:09:57.000","2025-02-06 05:09:57.000",114.5123,5.0273,8412.48,false,258.5,241.6
"8016b7","IGO2277 ","India","2025-02-06 05:09:42.000","2025-02-06 05:09:52.000",75.8132,26.7662,9753.6,false,204,200.67
"4aca6d","SAS2861 ","Sweden","2025-02-06 05:09:57.000","2025-02-06 05:09:57.000",6.1256,59.9862,5676.9,false,187.05,126.84
"a9af3e","FFT3885 ","United States","2025-02-06 05:09:56.000","2025-02-06 05:09:56.000",-110.0269,35.2541,11582.4,false,187.63,278.2
"4aca6f","SAS1871 ","Sweden","2025-02-06 05:06:42.000","2025-02-06 05:07:33.000",5.9257,58.7087,2948.94,false,163.35,116.57
"a40e1c","UPS473  ","United States","2025-02-06 05:09:57.000","2025-02-06 05:09:57.000",-87.35,39.4094,7924.8,false,225.21,164.09
"c82315","ANZ753M ","New Zealand","2025-02-06 05:04:50.000","2025-02-06 05:04:52.000",170.2349,-45.9115,99.06,false,62.21,235.78
"a83f8c","UPS63   ","United States","2025-02-06 05:09:56.000","2025-02-06 05:09:56.000",-95.4344,42.6238,11887.2,false,305.66,114.88
"a880b0","QXE2121 ","United States","2025-02-06 05:09:56.000","2025-02-06 05:09:56.000",-121.9856,47.2895,3451.86,false,145.82,303.63
"a7268f","OXF8092 ","United States","2025-02-06 05:09:57.000","2025-02-06 05:09:57.000",-111.6488,33.334,777.24,false,48.05,322.39
"c81c27","ZKMBZ   ","New Zealand","2025-02-06 05:09:54.000","2025-02-06 05:09:55.000",174.3933,-36.7348,731.52,false,41.8,166.48
"471fa7","WZZ686  ","Hungary","2025-02-06 05:09:56.000","2025-02-06 05:09:57.000",15.6608,44.8451,10980.42,false,214.24,283.47
"8a01fa","LNI774  ","Indonesia","2025-02-06 05:05:49.000","2025-02-06 05:05:49.000",114.4409,-5.9028,10668,false,228.66,81.85
"c083f2","ACA094  ","Canada","2025-02-06 05:09:56.000","2025-02-06 05:09:56.000",-78.4636,39.2533,11277.6,false,218.84,190.7
"a08bdd","UPS1271 ","United States","2025-02-06 05:09:56.000","2025-02-06 05:09:57.000",-85.7543,38.5554,1844.04,false,88.51,234.46
"471fa0","WZZ40PR ","Hungary","2025-02-06 05:09:56.000","2025-02-06 05:09:56.000",20.4665,52.6239,5814.06,false,173.64,328.57
"aa944a","AAL281  ","United States","2025-02-06 05:09:57.000","2025-02-06 05:09:57.000",141.5025,42.2436,10980.42,false,225.68,227.03
"76b86a","TGW874  ","Singapore","2025-02-06 05:09:57.000","2025-02-06 05:09:57.000",120.3425,22.6162,9273.54,false,223.73,346.57
"aa9451","AVA218  ","United States","2025-02-06 05:09:56.000","2025-02-06 05:09:56.000",-58.7921,-34.1989,5158.74,false,216.26,330.81
"a16569","EJM189  ","United States","2025-02-06 05:06:24.000","2025-02-06 05:06:24.000",-74.4285,40.7834,30.48,false,58.13,36.36
"7c7f0a","ZDO     ","Australia","2025-02-06 05:09:56.000","2025-02-06 05:09:56.000",144.4822,-36.8891,1394.46,false,53.84,315
"c07cf6","CSB926  ","Canada","2025-02-06 05:09:56.000","2025-02-06 05:09:57.000",-83.7611,35.5752,10363.2,false,226.94,341.77
"a903b9","FDX1211 ","United States","2025-02-06 05:09:57.000","2025-02-06 05:09:57.000",-87.4705,36.6893,10363.2,false,237.34,190.24
"a27201","FDX1838 ","United States","2025-02-06 05:09:56.000","2025-02-06 05:09:56.000",-123.0262,46.8592,8260.08,false,231.03,178.85
"a22ef3","N24PH   ","United States","2025-02-06 05:09:57.000","2025-02-06 05:09:57.000",-86.4569,41.8272,929.64,false,104.71,262.94
"ab64b8","AAL790  ","United States","2025-02-06 05:09:53.000","2025-02-06 05:09:56.000",-102.062,37.2327,8534.4,false,211.67,332.81
"a4281d","UPS919  ","United States","2025-02-06 05:09:51.000","2025-02-06 05:09:53.000",-100.1277,37.939,10668,false,289.74,83.88
"0a0084","DAH3019 ","Algeria","2025-02-06 05:09:56.000","2025-02-06 05:09:56.000",22.8408,40.1643,12192,false,224.71,254.05
"847114","FDA834  ","Japan","2025-02-06 05:09:07.000","2025-02-06 05:09:11.000",135.0679,35.1629,4953,false,150.81,221.96
"c82336","ANZ186M ","New Zealand","2025-02-06 05:09:57.000","2025-02-06 05:09:57.000",172.4889,-43.5336,632.46,false,82.9,146.9
"ab15ba","AAL364  ","United States","2025-02-06 05:09:56.000","2025-02-06 05:09:56.000",-121.5098,36.6852,4084.32,false,187.09,341.07
"7c6ac4","VDI     ","Australia","2025-02-06 05:09:57.000","2025-02-06 05:09:57.000",144.2165,-38.1206,1455.42,false,66.73,242.45
"ac7e1c","TAI528  ","United States","2025-02-06 05:09:57.000","2025-02-06 05:09:57.000",-116.0589,32.8639,11582.4,false,201.08,300.44
"a2ce7d","FDX1801 ","United States","2025-02-06 05:08:08.000","2025-02-06 05:08:24.000",-118.3898,33.9339,\\N,true,\\N,180
"a39e8a","N332PH  ","United States","2025-02-06 05:08:25.000","2025-02-06 05:08:25.000",-98.4919,29.4382,373.38,false,39.11,234.64
"7c6abc","VDA     ","Australia","2025-02-06 05:09:56.000","2025-02-06 05:09:57.000",144.4308,-38.108,1287.78,false,73.44,219.6
"a3f579","UPS238  ","United States","2025-02-06 05:09:56.000","2025-02-06 05:09:57.000",-82.1722,40.4804,10126.98,false,177.39,222.06
"782129","B657F   ","China","2025-02-06 05:09:55.000","2025-02-06 05:09:55.000",139.7596,35.5599,\\N,true,3.34,219.38
"8015d1","IGO7939 ","India","2025-02-06 05:09:57.000","2025-02-06 05:09:57.000",87.9439,23.4435,4267.2,false,128.11,323.82
"c82349","ANZ617M ","New Zealand","2025-02-06 05:09:56.000","2025-02-06 05:09:57.000",173.0555,-41.7855,6103.62,false,126.81,188.16
"3b31ff","LA1     ","France","2025-02-06 05:09:54.000","2025-02-06 05:09:54.000",2.3427,48.7162,\\N,true,8.75,168.75
"ab02b1","N8085W  ","United States","2025-02-06 05:09:23.000","2025-02-06 05:09:24.000",-121.8172,37.3324,\\N,true,\\N,233.44
"a5dee3","ASA1071 ","United States","2025-02-06 05:09:57.000","2025-02-06 05:09:57.000",-122.6291,44.912,10972.8,false,223.78,0.13
"a3088f","FDX1230 ","United States","2025-02-06 05:09:57.000","2025-02-06 05:09:57.000",-89.9907,35.2282,1143,false,72.58,177.97
"a3db5e","DAL818  ","United States","2025-02-06 05:09:57.000","2025-02-06 05:09:57.000",-95.1887,32.3234,10972.8,false,202.26,278.34
"a69bcd","DAL1142 ","United States","2025-02-06 05:09:56.000","2025-02-06 05:09:56.000",-113.8059,37.2249,10355.58,false,197.99,198.95
"4a08a5","HYS761  ","Romania","2025-02-06 05:09:49.000","2025-02-06 05:09:51.000",26.0775,44.5761,\\N,false,65.11,84.56
"782135","UEA2736 ","China","2025-02-06 05:09:50.000","2025-02-06 05:09:53.000",118.1412,24.5496,\\N,true,\\N,323.44
"a2e87e","FDX139  ","United States","2025-02-06 05:09:56.000","2025-02-06 05:09:57.000",-92.8133,36.0185,9928.86,false,276.88,102.23
"a69bd9","DAL26   ","United States","2025-02-06 02:48:39.000","2025-02-06 05:09:54.000",-84.4202,33.6373,\\N,true,\\N,92.81
"a70bd1","DAL2224 ","United States","2025-02-06 05:09:52.000","2025-02-06 05:09:52.000",-90.4327,30.1593,586.74,false,123.73,189.81
"ad0851","AAL944  ","United States","2025-02-06 05:09:56.000","2025-02-06 05:09:56.000",-76.5765,36.579,7627.62,false,243.86,30.84
"a9a397","ASA351  ","United States","2025-02-06 05:09:57.000","2025-02-06 05:09:57.000",-121.4979,47.8737,4328.16,false,169.44,275.23
"8015b8","IGO207  ","India","2025-02-06 05:09:57.000","2025-02-06 05:09:57.000",88.4376,23.8324,7482.84,false,246.38,17
"ad8b1d","ASA589  ","United States","2025-02-06 05:09:57.000","2025-02-06 05:09:57.000",-118.8411,45.7939,10972.8,false,212.12,305.42
"885312","THA204  ","Thailand","2025-02-06 05:09:56.000","2025-02-06 05:09:56.000",100.7963,13.8255,777.24,false,86.84,193.71
"8002cb","VUAVS   ","India","2025-02-06 05:09:56.000","2025-02-06 05:09:56.000",84.7558,24.5739,10668,false,249.17,122.61
"7c6af6","VEW     ","Australia","2025-02-06 05:09:56.000","2025-02-06 05:09:56.000",152.8713,-26.926,3093.72,false,135.3,140.86
"7c6af4","VEU     ","Australia","2025-02-06 05:09:56.000","2025-02-06 05:09:56.000",152.2287,-26.1862,5196.84,false,135.31,139.16
"4080cf","OMA266  ","United Kingdom","2025-02-06 05:09:40.000","2025-02-06 05:09:40.000",74.8119,28.6534,10965.18,false,195.55,263.96
"7c6af9","VEZ     ","Australia","2025-02-06 05:09:57.000","2025-02-06 05:09:57.000",150.1466,-34.1674,4556.76,false,126.78,76.87
"873312","ANA232  ","Japan","2025-02-06 05:08:27.000","2025-02-06 05:08:35.000",128.4033,37.6481,11887.2,false,318.42,79.2
"e491a9","AZU2721 ","Brazil","2025-02-06 05:09:54.000","2025-02-06 05:09:56.000",-39.054,-5.2386,3962.4,false,126.05,12.73
"a057cc","DAL1217 ","United States","2025-02-06 05:09:57.000","2025-02-06 05:09:57.000",-82.4567,27.1287,4709.16,false,185.9,149.39
"7c6aec","VEM     ","Australia","2025-02-06 05:08:15.000","2025-02-06 05:08:15.000",150.7516,-34.5536,693.42,false,116.29,104.34
"7c0a70","CCI     ","Australia","2025-02-06 05:07:55.000","2025-02-06 05:07:55.000",145.0993,-37.9716,91.44,false,24.2,177.56
"a4158a","UPS284  ","United States","2025-02-06 05:09:57.000","2025-02-06 05:09:57.000",11.119,59.7741,2133.6,false,134.55,340.8
"a0f714","TRF561  ","United States","2025-02-06 05:09:57.000","2025-02-06 05:09:57.000",-96.4476,33.079,777.24,false,72.37,75.17
"7c6aef","VEP     ","Australia","2025-02-06 05:09:57.000","2025-02-06 05:09:57.000",153.2554,-27.104,1767.84,false,114.84,138.81
"7c6ae5","VEF     ","Australia","2025-02-06 05:09:56.000","2025-02-06 05:09:56.000",152.469,-25.4819,4267.2,false,132.29,332.94
"8015e4","IGO2089 ","India","2025-02-06 05:09:56.000","2025-02-06 05:09:57.000",76.6656,26.5353,11277.6,false,209.24,173.36
"7c6ae3","VED     ","Australia","2025-02-06 05:09:55.000","2025-02-06 05:09:56.000",149.8054,-31.1033,5486.4,false,137.93,223.34
"7c6ae0","VOZ656  ","Australia","2025-02-06 05:09:57.000","2025-02-06 05:09:57.000",150.7588,-34.3466,3017.52,false,103.61,233.07
"7c6ae9","VEJ     ","Australia","2025-02-06 05:09:57.000","2025-02-06 05:09:57.000",115.7608,-32.1903,731.52,false,105.98,359.44
"3c64f6","DLH759  ","Germany","2025-02-06 05:09:57.000","2025-02-06 05:09:57.000",21.9412,45.6268,11597.64,false,220.18,296.8
"c8237a","ANZ050M ","New Zealand","2025-02-06 05:09:56.000","2025-02-06 05:09:57.000",174.9039,-37.4546,3101.34,false,138.96,349.98
"a51b1a","UAL2357 ","United States","2025-02-06 05:09:56.000","2025-02-06 05:09:56.000",-97.4093,30.7685,3002.28,false,153.06,208.29
"a4c5d8","JBU1620 ","United States","2025-02-06 05:09:57.000","2025-02-06 05:09:57.000",-3.7717,51.5643,9433.56,false,204.22,98.11
"a64208","N502GV  ","United States","2025-02-06 05:09:56.000","2025-02-06 05:09:57.000",-150.5058,60.999,1295.4,false,82.36,243.27
"88530e","THA207  ","Thailand","2025-02-06 05:09:56.000","2025-02-06 05:09:57.000",99.7612,11.5568,9654.54,false,239.73,180
"88530d","THA561  ","Thailand","2025-02-06 05:09:57.000","2025-02-06 05:09:57.000",100.723,14.8952,8321.04,false,162.95,205.03
"488dcc","AMQ5M   ","Poland","2025-02-06 05:09:56.000","2025-02-06 05:09:57.000",11.2424,42.1838,12496.8,false,229.09,109.41
"781a9b","CQH6219 ","China","2025-02-06 05:09:55.000","2025-02-06 05:09:55.000",138.045,37.9046,10675.62,false,290.91,60.67
"861ed6","ANA679  ","Japan","2025-02-06 05:09:56.000","2025-02-06 05:09:56.000",137.7603,35.5077,12192,false,160.44,260.96
"4bc852","PGT7251 ","Turkey","2025-02-06 05:09:56.000","2025-02-06 05:09:56.000",48.0824,29.7743,9745.98,false,201.45,329.96
"4bc853","PGT8TP  ","Turkey","2025-02-06 05:09:54.000","2025-02-06 05:09:57.000",29.26,40.8691,198.12,false,65.34,62.83
"ae6352","G72474  ","United States","2025-02-06 05:09:57.000","2025-02-06 05:09:57.000",-115.0463,36.0974,624.84,false,49.14,317.12
"4bc84c","PGT101  ","Turkey","2025-02-06 05:09:57.000","2025-02-06 05:09:57.000",47.0246,40.4986,10370.82,false,229.9,264.74
"4401d1","OEIND   ","Austria","2025-02-06 05:09:49.000","2025-02-06 05:09:56.000",2.3568,48.7289,\\N,true,\\N,120.94
"7c6b9b","VJH     ","Australia","2025-02-06 05:09:57.000","2025-02-06 05:09:57.000",145.1517,-38.0918,502.92,false,63.4,311.71
"728669","IAW609  ","Iraq","2025-02-06 05:09:19.000","2025-02-06 05:09:19.000",47.5295,30.4933,5158.74,false,188.35,304.43
"a8de8a","N6703S  ","United States","2025-02-06 05:09:57.000","2025-02-06 05:09:57.000",-116.626,43.6316,853.44,false,25.34,185.83
"a6428e","NDU502  ","United States","2025-02-06 05:09:56.000","2025-02-06 05:09:57.000",-111.6686,33.2709,769.62,false,51.98,1.7
"aa92fc","UAL949  ","United States","2025-02-06 05:09:57.000","2025-02-06 05:09:57.000",-92.8701,43.5681,8534.4,false,225.45,265.68
"ac1068","SCW4949 ","United States","2025-02-06 05:09:57.000","2025-02-06 05:09:57.000",-94.6856,33.606,9151.62,false,229.06,66.72
"70204b","BBC236  ","Bangladesh","2025-02-06 05:09:55.000","2025-02-06 05:09:55.000",84.5387,22.9612,11277.6,false,289.64,89.69
"0d0a63","TAA642  ","Mexico","2025-02-06 05:09:57.000","2025-02-06 05:09:57.000",-85.8585,39.291,441.96,false,63.71,227.29
"a4ad11","N400EM  ","United States","2025-02-06 05:05:25.000","2025-02-06 05:05:28.000",-108.2717,35.3902,4122.42,false,107.48,291.04
"4bc843","PGT1QH  ","Turkey","2025-02-06 05:08:42.000","2025-02-06 05:08:44.000",28.1849,38.4313,5128.26,false,214.42,246.08
"a057eb","FDX41   ","United States","2025-02-06 05:09:57.000","2025-02-06 05:09:57.000",-85.6332,31.8401,10980.42,false,216.24,320.21
"861ede","JAL646  ","Japan","2025-02-06 05:09:57.000","2025-02-06 05:09:57.000",138.4809,34.0587,8656.32,false,300.47,68.93
"aa92f9","UAL2313 ","United States","2025-02-06 05:09:56.000","2025-02-06 05:09:56.000",-105.8673,31.7598,10972.8,false,222.44,279.05
"841b6a","SFJ65   ","Japan","2025-02-06 05:09:57.000","2025-02-06 05:09:57.000",135.8998,35.1973,9250.68,false,139.56,259.81
"aa92f8","UAL148  ","United States","2025-02-06 05:09:52.000","2025-02-06 05:09:52.000",-59.606,7.9733,10972.8,false,265.18,341.92
"a7888c","ASA379  ","United States","2025-02-06 05:09:57.000","2025-02-06 05:09:57.000",-119.6718,47.7447,10972.8,false,209.24,276.64
"a3db93","FFT3311 ","United States","2025-02-06 05:09:56.000","2025-02-06 05:09:56.000",-100.9225,37.4443,10965.18,false,182.75,292.16
"87339a","ANA252  ","Japan","2025-02-06 05:09:56.000","2025-02-06 05:09:56.000",140.3185,35.1906,3307.08,false,130.68,21.72
"a582f9","SWA4234 ","United States","2025-02-06 05:09:57.000","2025-02-06 05:09:57.000",-70.8064,42.3846,922.02,false,91.66,177.43
"4bb565","IGO479  ","Turkey","2025-02-06 05:09:57.000","2025-02-06 05:09:57.000",80.3647,12.6893,3421.38,false,177.03,181.5
"ad438d","ASA834  ","United States","2025-02-06 05:09:57.000","2025-02-06 05:09:57.000",-122.8957,45.5453,1501.14,false,109.69,343.09
"ae5c9a","KING02  ","United States","2025-02-06 05:09:57.000","2025-02-06 05:09:57.000",-150.8435,61.8143,541.02,false,106.49,37.15
"8518ae","JAL434  ","Japan","2025-02-06 05:09:57.000","2025-02-06 05:09:57.000",140.059,34.9964,3215.64,false,155.12,59.95
"a427e3","SUB61   ","United States","2025-02-06 05:09:56.000","2025-02-06 05:09:56.000",-93.4333,35.5811,6675.12,false,119.14,236.45
"a9aec2","XSR723  ","United States","2025-02-06 05:09:57.000","2025-02-06 05:09:57.000",-87.7658,33.4417,13106.4,false,203.58,312.23
"8518d0","JAL495  ","Japan","2025-02-06 05:06:52.000","2025-02-06 05:07:17.000",139.7841,35.5444,\\N,true,1.54,331.88
"80171a","IGO6978 ","India","2025-02-06 05:09:56.000","2025-02-06 05:09:57.000",73.284,19.379,11277.6,false,248.31,350.46
"ac7e09","AAL1275 ","United States","2025-02-06 05:09:56.000","2025-02-06 05:09:57.000",-112.7889,35.57,8884.92,false,195.92,278.15
"a39dca","FFT4315 ","United States","2025-02-06 05:09:56.000","2025-02-06 05:09:57.000",-118.2219,33.9537,746.76,false,103.57,263.44
"a45d1a","UPS475  ","United States","2025-02-06 05:09:57.000","2025-02-06 05:09:57.000",-86.759,38.8184,5326.38,false,184.61,155.29
"44b438","JAF8PX  ","Belgium","2025-02-06 05:09:56.000","2025-02-06 05:09:56.000",4.4966,50.9034,\\N,true,5.66,165.94
"801733","IGO1025 ","India","2025-02-06 05:05:44.000","2025-02-06 05:05:44.000",103.9786,1.3517,38.1,false,64.04,23.68
"861eb4","ADO20   ","Japan","2025-02-06 05:09:56.000","2025-02-06 05:09:56.000",139.8406,35.5571,236.22,false,72.08,222.69
"c81bb3","ANZ202L ","New Zealand","2025-02-06 05:06:00.000","2025-02-06 05:06:00.000",174.265,-39.9989,7353.3,false,122.27,4.34
"7103d6","SVA846  ","Saudi Arabia","2025-02-06 05:05:56.000","2025-02-06 05:06:04.000",92.0609,16.8748,11887.2,false,246.22,109.91
"ac48ac","SWA2298 ","United States","2025-02-06 05:09:57.000","2025-02-06 05:09:57.000",-86.7725,34.5008,11681.46,false,282.65,107.15
"a1f102","N224MT  ","United States","2025-02-06 05:09:56.000","2025-02-06 05:09:56.000",-104.7167,40.4053,1668.78,false,38.12,201.37
"8518f2","JAL3107 ","Japan","2025-02-06 05:09:57.000","2025-02-06 05:09:57.000",139.9872,39.7602,11887.2,false,253.08,29.07
"4bc887","PGT1911 ","Turkey","2025-02-06 05:09:57.000","2025-02-06 05:09:57.000",30.2849,38.5911,10363.2,false,185.23,336.43
"4bb563","IGO563  ","Turkey","2025-02-06 05:09:08.000","2025-02-06 05:09:11.000",80.1478,12.9822,45.72,false,79.96,68.88
"4bc895","PGT2797 ","Turkey","2025-02-06 05:09:56.000","2025-02-06 05:09:56.000",29.0424,40.7487,1478.28,false,108.4,315.38
"a75b5e","UPS214  ","United States","2025-02-06 05:09:57.000","2025-02-06 05:09:57.000",-83.3558,40.6555,10370.82,false,214.12,193.34
"a1c7e4","UAL872  ","United States","2025-02-06 05:09:55.000","2025-02-06 05:09:56.000",136.9752,33.5363,9448.8,false,334.83,72.29
